title,price,brand,Model,frequency,RAM
MSI nVidia GeForce RTX 2060 VENTUS GP OC PCI-E 6144Mb GDDR6 192 Bit Retail,36650,MSI,nVidia GeForce RTX 2060,1710,6144
"NVIDIA TESLA,A2,16GB,PCIE (388454)",101610,PNY,nan,nan,nan
MSI nVidia GeForce RTX 3080 VENTUS 3X PLUS PCI-E 12288Mb GDDR6X 384 Bit Retail 602-V389-301S,97470,MSI,nVidia GeForce RTX 3080,1740,"gddr6x/"" class=""pseudo"
KFA2 PCIE nVidia GeForce RTX 3060 CORE 12GB (192bit/GDDR6/HDMI/DPx3/RTL) (36NOL7MD1VOK),45700,KFA2,nan,nan,nan
Palit nVidia GeForce RTX 3080 Ti GameRock OC PCI-E 12288Mb GDDR6X 384 Bit Retail (NED308TT19KB-1020G),126820,Palit,1365,10240,"gddr6x/"" class=""pseudo"
ASUS nVidia GeForce RTX 3090 Ti TUF Gaming OC PCI-E 24576Mb GDDR6X 384 Bit Retail,213900,ASUS,nVidia GeForce RTX 3090 Ti,1950,24576
MSI GeForce GTX 1660 SUPER GAMING PCI-E 6144Mb GDDR6 192 Bit Retail (GTX 1660 SUPER GAMING),30370,MSI,GeForce GTX 1660 SUPER,1785,6144
PCIE16 RTX3070 8GB LHR RTX 3070 X BLACK 8GB KFA2,63860,nan,nan,nan,nan
Palit nVidia GeForce RTX 3090 GamingPro PCI-E 24576Mb GDDR6X 384 Bit Retail (NED3090019SB-132BA),156090,Palit,nVidia GeForce RTX 3090,1395,24576
DUAL-RTX3060-12G-V2,48440,nan,nan,nan,nan
MSI Radeon RX 6700 XT MECH 2X PCI-E 12288Mb GDDR6 192 Bit Retail (RX 6700 XT MECH 2X 12G ),59330,MSI,Radeon RX 6700 XT,2474,12288
ASUS nVidia GeForce RTX 3090 ROG STRIX OC PCI-E 24576Mb GDDR6X 384 Bit Retail,180740,ASUS,nVidia GeForce RTX 3090,1860,24576
Palit nVidia GeForce RTX 3070 GameRock LHR PCI-E 8192Mb GDDR6 256 Bit Retail (NE63070019P2-1040G),65690,Palit,nVidia GeForce RTX 3070,1500,8192
PCIE16 GT730 1GB DDR3 AF730-1024D3L3-V3 AFOX,3530,nan,nan,nan,nan
MSI nVidia GeForce RTX 2060 SUPER VENTUS GP OC PCI-E 8192Mb GDDR6 256 Bit Retail (RTX 2060 SUPER VENTUS GP OC),43300,MSI,nVidia GeForce RTX 2060 SUPER,1665,8192
ASUS A10 TESLA A10 PCI-E 24576Mb GDDR6 384 Bit Retail,243890,ASUS,A10,1563,24576
Palit GeForce GT 710 PA-GT710-2GD3H PCI-E 2048Mb 64 Bit Retail (PA-GT710-2GD3H)  NEAT7100HD46-2080H,4240,Palit,GeForce GT 710,954,2048
AMD Radeon Pro W6800 100-506157 PCI-E 32768Mb GDDR6 256 Bit Retail,227290,AMD,Radeon Pro W6800,1575,32768
Ninja R9 370 (1024SP) 4GB GDDR5 256BIT (DVI/HDMI/DP) AHR937045F,10400,nan,nan,nan,nan
RX6600 8GB GDDR6 128bit HDMI 3xDP  (AXRX 6600 8GBD6-3DH) (173526),33910,PowerColor,nan,nan,nan
GT740 LP Single Fan OEM 2GB GDDR5 128Bit VGA DVI HDMI,6090,Afox,nan,nan,nan
"GT710 AF710-2048D3L5-V4 2GB DDR3 64BIT, LP Heatsink (785020)",3590,Afox,nan,nan,nan
"RTX2060 6GB GDDR6 192BIT, DVI, Display port, HDMI ATX DUAL FAN (AF2060-6144D6H7) (783729)",33190,Afox,nan,nan,nan
GTX750 LP 2GB GDDR5 128BIT DVI-D VGA HDMI DUAL FAN RETAIL PACK (875004),7340,Afox,nan,nan,nan
GTX1660SUPER NB 6G V2-V 6GB GDDR6 192bit DVI HDMI DP (10) (592334),30310,ColorFul,nan,nan,nan
Ninja GTX750 (512SP) 2GB NH75NP025F GDDR5 128bit DVI HDMI CRT,6990,SINOTEX Ninja,nan,nan,nan
"GTX1650 4GB GDDR6 128BIT, ATX DUAL FAN (784788)",17820,Afox,nan,nan,nan
Ninja GTX1660SUPER PCIE (1408SP) NK166SF66F  6GB 192BIT GDDR6 (DVI/HDMI/DP),26740,SINOTEX Ninja,nan,nan,nan
Ninja GTX1650  NK165DF46F PCIE (896SP) 4G 128BIT GDDR6 (DVI/HDMI/DP),17570,SINOTEX Ninja,nan,nan,nan
Ninja GTX1660Ti PCIE (1536P) 6GB 192BIT GDDR6 (DVI/HDMI/DP),25970,SINOTEX Ninja,nan,nan,nan
AFOX Geforce RTX 2060 SUPER,38250,nan,nan,nan,nan
RX6500XT MECH 2X 4G OC GDDR6 64-bit HDMI DP (929985),21460,MSI,nan,nan,nan
NVIDIA A2000 6G (RTL) (25) (900-5G192-2200-000) (400325) / ATX bracket,65670,nVidia,nan,nan,nan
Nvidia T600 4G / ATX Bracket only,37510,nVidia,nan,nan,nan
GPU P400,11590,nVidia,nan,nan,nan
Palit PCI-E 4.0 PA-RTX3080 GAMINGPRO 12G LHR NVIDIA GeForce RTX 3080 12288Mb 320 GDDR6X 1710/19000 HDMIx1 DPx3 HDCP Ret,96060,Palit,nan,nan,nan
Colorful RTX3060 iGame Mini OC 12G L-V 12GB,76680,ColorFul,nan,nan,nan
RX580 GAMING 8GB 2.0 GDDR5 256bit HDMI 3xDP RTL (306489),23720,GigaByte,nan,nan,nan
Gigabyte PCI-E 4.0 GV-R68XTGAMING OC-16GD AMD Radeon RX 6800XT 16384Mb 256 GDDR6 2015/16000/HDMIx2/DPx2/HDCP Ret,90830,GigaByte,nan,nan,nan
Gigabyte PCI-E 4.0 GV-N309TGAMING-24GD NVIDIA GeForce RTX 3090TI 24576Mb 384 GDDR6X 1860/21000 HDMIx1 DPx3 HDCP Ret,178280,GigaByte,nan,nan,nan
"GTX1660SUPER 6GB GDDR6 192BIT, DVI, DisplayPort, HDMI ATX DUAL FAN (AF1660S-6144D6H4) (785013)",29580,Afox,nan,nan,nan
PCIE16 RTX3080 12GB LHR RTX 3080 SG 12G LHR KFA2,98630,KFA2,nan,nan,nan
MSI PCI-E 4.0 RTX 3050 GAMING X 8G NVIDIA GeForce RTX 3050 8192Mb 128 GDDR6 1845/14000 HDMIx1 DPx3 HDCP Ret,34970,MSI,nan,nan,nan
MSI PCI-E 4.0 RTX 3090 Ti GAMING TRIO 24G NVIDIA GeForce RTX 3090TI 24576Mb 384 GDDR6X 1815/21000 HDMIx1 DPx3 HDCP Ret,169700,MSI,nan,nan,nan
Radeon RX 6600 MECH 2X 8G,40100,MSI,nan,nan,nan
PCIE16 RTX3090TI 24GB RTX3090TI GAMEROCK 24G PALIT,165980,Palit,nan,nan,nan
PCIE16 GTX1660 6GB GDDR5 GTX 1660 1-CLICK OC 6G KFA2,26700,KFA2,nan,nan,nan
PCIE16 GTX1660 SUPER 6GB AF1660S-6144D6H4-V2 AFOX,28740,nan,nan,nan,nan
PNY Quadro RTX 6000 VCQRTX6000-PB PCI-E 24576Mb GDDR6 384 Bit Retail,346350,PNY,Quadro RTX 6000,1440,24576
nVidia Quadro RTX 8000 PASSIVE PCI-E 49152Mb GDDR6 384 Bit OEM (900-2G150-0050-000),577240,nVidia,Quadro RTX 8000,1230,49152
PNY T4 TCST4MATX-PB PCI-E 16384Mb GDDR6 256 Bit Retail,216110,PNY,T4,585,16384
DELL Quadro RTX 6000 490-BFCZ PCI-E GDDR6 384 Bit Retail 490-BFCZ,470250,DELL,Quadro RTX 6000,4608,"gddr6/"" class=""pseudo"
DELL Quadro RTX 6000 490-BFCZ PCI-E 24576Mb GDDR6 384 Bit OEM,452680,DELL,Quadro RTX 6000,4608,"gddr6/"" class=""pseudo"
GigaByte nVidia GeForce RTX 3090 TURBO PCI-E 24576Mb GDDR6X 384 Bit Retail (GV-N3090TURBO-24GD),174640,GigaByte,nVidia GeForce RTX 3090,1695,24576
Palit nVidia GeForce RTX 3080 GameRock PCI-E 10240Mb GDDR6X 320 Bit Retail (NED3080U19IA-1020G),99580,Palit,nVidia GeForce RTX 3080,1440,10240
nVidia GeForce Titan V 900-1G500-2500-000 PCI-E 12288Mb HBM2 3072 Bit Retail,158720,nVidia,GeForce Titan V,1200,12288
GigaByte nVidia GeForce RTX 3080 VISION OC LHR PCI-E 10240Mb GDDR6X 320 Bit Retail (GV-N3080VISION OC-10GD 2.0),102430,GigaByte,nVidia GeForce RTX 3080,1800,10240
GigaByte nVidia GeForce RTX 3090 GAMING OC PCI-E 24576Mb GDDR6X 384 Bit Retail,165960,GigaByte,nVidia GeForce RTX 3090,1755,24576
GigaByte Radeon RX 6900 XT XTREME WATERFORCE WB PCI-E 16384Mb GDDR6 256 Bit Retail (GV-R69XTAORUSX WB-16GD),104630,GigaByte,Radeon RX 6900 XT,2375,16384
Gigabyte PCI-E 4.0 GV-N3080EAGLE-12GD LHR NVIDIA GeForce RTX 3080 12288Mb 320 GDDR6X 1710/19000 HDMIx2 DPx3 HDCP Ret,106800,GigaByte,nan,nan,nan
Afox GeForce GT 710 AF710-2048D3L5 PCI-E 2048Mb GDDR3 64 Bit Retail,3520,Afox,GeForce GT 710,954,2048
Palit nVidia GeForce RTX 3080 Ti GamingPro PCI-E 12288Mb GDDR6X 384 Bit Retail (NED308T019KB-132AA),124110,Palit,nVidia GeForce RTX 3080 Ti,1365,12288
GV-R68GAMING OC-16GD RX6800 16GB GDDR6 256bit HDMI 2xDP RTL (307936),75770,GigaByte,nan,nan,nan
GigaByte nVidia GeForce RTX 3060 Ti AORUS ELITE LHR PCI-E 8192Mb GDDR6 256 Bit Retail (GV-N306TAORUS E-8GD 2.0),62630,GigaByte,nVidia GeForce RTX 3060 Ti,1785,8192
"VGA PNY NVIDIA RTX A5000, 24 GB GDDR6 with ECC, 384 bit, DisplayPort 1.4 (4),PCI Express 4.0 x16",227290,PNY,Quadro RTX A5000,1170,24576
RTX3070Ti X3 8GB GDDR6X 256bit HDMI 3xDP RTL {5} (781) (101971),74320,Inno3D,nan,nan,nan
Afox AMD Radeon R5 230 AFR5230-2048D3L4 PCI-E 2048Mb GDDR3 64 Bit Retail,2920,Afox,AMD Radeon R5 230,625,2048
GigaByte nVidia GeForce RTX 3060 Ti GAMING OC LHR PCI-E 8192Mb GDDR6 256 Bit Retail (GV-N306TGAMING OC-8GD 2.0),56290,GigaByte,nVidia GeForce RTX 3060 Ti,1740,8192
ASUS GeForce GT 730 GT730-SL-2GD5-BRK PCI-E 2048Mb GDDR5 64 Bit Retail (GT730-SL-2GD5-BRK),6300,ASUS,GeForce GT 730,902,2048
RTX3050 TWIN X2 8GB GDDR6 128-bit HDMI 3xDP RTL {10} (854) (102602),33440,Inno3D,nan,nan,nan
Palit nVidia GeForce RTX 3050 Dual PCI-E 8192Mb GDDR6 128 Bit Retail (NE63050019P1-190AD),33800,Palit,nVidia GeForce RTX 3050,1552,8192
GigaByte Radeon RX 6500 XT GAMING OC PCI-E 4096Mb GDDR6 64 Bit Retail (GV-R65XTGAMING OC-4GD),21470,GigaByte,Radeon RX 6500 XT,2825,4096
PNY Quadro T600 VCNT600-SB PCI-E 4096Mb GDDR6 128 Bit Retail,39690,PNY,Quadro T600,735,4096
GigaByte nVidia GeForce RTX 3070 GAMING OC LHR PCI-E 8192Mb GDDR6 256 Bit Retail (GV-N3070GAMING OC-8GD 2.0),68550,GigaByte,nVidia GeForce RTX 3070,1815,8192
Afox AMD Radeon R5 230 AFR5230-1024D3L9-V2 PCI-E 1024Mb GDDR3 64 Bit Retail,2500,Afox,AMD Radeon R5 230,625,1024
RTX3070 TWIN X2 LHR 8GB GDDR6 256bit DVI HDMI 3xDP RTL {10} (788) (102046),65850,Inno3D,nan,nan,nan
"PNY Quadro RTX A5000 24GB GDDR6 with ECC, PCIE 4.x16, 384bit (VCNRTXA5000-SB), (3383763)",225850,PNY,nan,nan,nan
Zotac GeForce GT 730 ZT-71113-20L PCI-E 2048Mb 64 Bit Retail (ZT-71113-20L),5480,Zotac,902,384,"ddr3/"" class=""pseudo"
Afox AMD Radeon R5 220 AFR5220-1024D3L9-V2 PCI-E 1024Mb GDDR3 64 Bit Retail,2170,Afox,AMD Radeon R5 220,650,1024
nVidia Quadro RTX A4000 PG190 PCI-E 16384Mb GDDR6 256 Bit OEM 699-5G190-0510-700R,107520,nVidia,Quadro RTX A4000,1560,16384
COLORFUL BANDS nVidia GeForce RTX 3060 NB DUO 12G V2 L-V PCI-E 12288Mb GDDR6 192 Bit Retail,47240,COLORFUL BANDS,nVidia GeForce RTX 3060,1777,12288
Afox GeForce GT 1030 AF1030-2048D5L7 PCI-E 2048Mb GDDR5 64 Bit Retail,8840,Afox,GeForce GT 1030,1227,2048
Afox AMD Radeon R5 230 230 LP PCI-E 2048Mb DDR3 64 Bit Retail AFR5230-2048D3L9-V2,2990,Afox,AMD Radeon R5 230,625,2048
"PNY Quadro T1000 T1000 PCI-E 8192Mb GDDR6 128 Bit Retail ""VCNT1000-8GB-SB""",44200,PNY,Quadro T1000,1395,8192
Afox GeForce GT 210 AF210-1024D3L8 PCI-E 1024Mb DDR3 64 Bit Retail,2290,Afox,GeForce GT 210,589,1024
GigaByte nVidia GeForce RTX 3050 GAMING OC PCI-E 8192Mb GDDR6 128 Bit Retail GV-N3050GAMING OC-8GD,33910,GigaByte,nVidia GeForce RTX 3050,1822,8192
Ninja RX580 (2048SP) 8GB GDDR5 256bit DVI HDMI DP (AJRX58085F),18960,nan,nan,nan,nan
Sapphire Radeon RX 6700 XT GAMING PULSE PCI-E 12288Mb GDDR6 192 Bit Retail 11306-02-20G,59170,Sapphire,Radeon RX 6700 XT,2581,12288
Palit nVidia GeForce RTX 3070 GAMINGPRO PCI-E 8192Mb GDDR6 256 Bit Retail,68900,Palit,nVidia GeForce RTX 3070,1725,8192
Ninja GT220 PCIE (48SP) 1GB 128BIT DDR3 DVI-D HDMI (NK22NP013F) RTL,2290,nan,nan,nan,nan
RTX3060Ti 8GB UPRISING Dual Fan GDDR6 256bit 3xDP HDMI LHR RTL (647753)  {4},64940,PNY,nVidia GeForce RTX 3060 Ti,1665,8192
RX6500XT 4GB Fighter GDDR6 64bit HDMI DP (174080),19680,PowerColor,Radeon RX 6500 XT,2610,4096
Palit nVidia GeForce RTX 3060 Ti DUAL PCI-E 8192Mb GDDR6 256 Bit OEM NE6306T019P2-190AS,55560,Palit,nVidia GeForce RTX 3060 Ti,1665,8192
SINOTEX Ninja Radeon RX 550 AHRX55045F PCI-E 4096Mb GDDR5 128 Bit Retail,11710,SINOTEX Ninja,Radeon RX 550,1071,4096
SINOTEX Ninja GeForce GTX 750 Ti NH75TI025F PCI-E 2048Mb GDDR5 128 Bit Retail,9200,SINOTEX Ninja,GeForce GTX 750 Ti,1020,2048
Gainward nVidia GeForce RTX 2060 SUPER SUPER Ghost PCI-E 8192Mb GDDR6 256 Bit OEM NE6206S018P2-1160X-1,39690,Gainward,nVidia GeForce RTX 2060 SUPER,1650,8192
nVidia Quadro RTX A2000 A2000 PCI-E 12288Mb GDDR6 192 Bit OEM (NVIDIA A2000 6G),65670,nVidia,Quadro RTX A2000,1200,12288
PNY Quadro T1000 T1000 PCI-E 8192Mb GDDR6 128 Bit Retail VCNT1000-8GB-PB,47800,PNY,Quadro T1000,1065,8192
Dell PCI-E 4.0 490-BGYC NVIDIA RTX A5000 24576Mb GDDR6 DPx4 HDCP oem,232910,DELL,nan,nan,nan
"TESLA  A16 64 GB GDDR6 with Error Correcting Code (ECC) (16 GB per GPU),4x 232 GB/s, 250 W, PCI Express Gen 4.0 x16, Passive (TCSA16M-PB) (385811) {5}",270940,PNY,nan,nan,nan
Ninja GTX750Ti (640SP) 4GB GDDR5 128bit VGA DVI HDMI RTL {20} (NH75TI045F),11060,nan,nan,nan,nan
ASUS nVidia GeForce RTX 3080 TUF GAMING OC 12GB PCI-E 12288Mb GDDR6X 384 Bit Retail,132300,ASUS,nVidia GeForce RTX 3080,1815,12288
GT 610 2GB DDR3 64bit DVI HDMI (AF610-2048D3L7-V5) RTL,2990,nan,nan,nan,nan
PCIE16 TESLA T4 16GB GDDR6 TCST4M-PB PNY,197250,PNY,nan,nan,nan
GeForce RTX 3060 Ti TWIN FAN 8G OC LHR,50630,MSI,nan,nan,nan
PCIE16 GT610 2GB DDR3 AF610-2048D3L7-V6 AFOX,2940,nan,nan,nan,nan
DUAL-RTX2060-O12G-EVO 12GB GDDR6 192bit DVI 2xHDMI DP (562573)  {5},50340,ASUS,nan,nan,nan
Afox GeForce GT 610 AF610-1024D3L7-V5 PCI-E 1024Mb DDR3 64 Bit Retail,2430,Afox,GeForce GT 610,810,1024
ASUS nVidia GeForce RTX 3080 ROG Strix OC 12GB PCI-E 12288Mb GDDR6X 384 Bit Retail,144590,ASUS,nVidia GeForce RTX 3080,1890,12288
Gigabyte PCI-E 4.0 GV-R675XTAORUS E-12GD AMD Radeon RX 6750XT 12288Mb 192 GDDR6 2554/18000 HDMIx2 DPx2 HDCP Ret,61450,GigaByte,nan,nan,nan
PCIE16 RTX3060TI 8GB LHR 3060 TI VEN 2X 8G OCV1 LHR MSI,53960,MSI,nan,nan,nan
MSI RTX 3050 AERO  ITX 8G OC RTL,36620,MSI,nan,nan,nan
"VCNRTXA2000-12GB-BLK (387914) NVIDIA RTX A2000 12GB (12GB GDDR6, Ampere, 8nm, PCI-E4x16, 4 x mDP, 192-bit, CUDA Cor 3328, Tensor Cor 104, RT Cor 26, Act. Fansink, Dual Slot, Low Profile, L 168mm)",73440,PNY,nan,nan,nan
Gigabyte PCI-E 4.0 GV-R675XTGAMING OC-12GD AMD Radeon RX 6750XT 12288Mb 192 GDDR6 2533/18000 HDMIx2 DPx2 HDCP Ret,64940,GigaByte,nan,nan,nan
PCIE16 GTX1650 4GB GDDR6 GV-N1656OC-4GD V2.0 GIGABYTE,18860,GigaByte,nan,nan,nan
Asus PCI-E 4.0 PH-RTX3050-8G NVIDIA GeForce RTX 3050 8192Mb 128 GDDR6 1777/14000 HDMIx1 DPx3 HDCP Ret,35320,ASUS,nan,nan,nan
PCIE16 T1000 8GB GDDR6 900-5G172-2570-000 NVIDIA,51450,nVidia,nan,nan,nan
Gigabyte PCI-E GV-N2060D6-12GD NVIDIA GeForce RTX 2060 12288Mb 192 GDDR6 1650/14000 HDMIx1 DPx3 HDCP Ret,36370,GigaByte,nan,nan,nan
Gigabyte GV-R64EAGLE-4GD RTL,15980,GigaByte,nan,nan,nan
Asus PCI-E 4.0 DUAL-RX6500XT-O4G AMD Radeon RX 6500XT 4096Mb 64 GDDR6 2650/18000 HDMIx1 DPx1 HDCP Ret,20730,ASUS,nan,nan,nan
"NVIDIA TESLA A30 OEM 900-21001-0040-000, 24GB HBM2, PCIe x16 4.0, Dual Slot FHFL, Passive, 165W",389300,nVidia,nan,nan,nan
Palit PCI-E PA-GTX1650 GP OC 4G D6 NV GTX1650 4096Mb 128 GDDR6 1410/12000/HDMIx1/DPx2/HDC NE61650S1BG1-1175A,18450,Palit,nan,nan,nan
"TESLA  A100 40GB HBM2, PCIe x16 4.0, Dual Slot FHFL, Passive, 250W, OEM (900-21001-0000-000) {10}",880290,nVidia,nan,nan,nan
Asus PCI-E 4.0 DUAL-RTX3050-O8G NVIDIA GeForce RTX 3050 8192Mb 128 GDDR6 1822/14000 HDMIx1 DPx3 HDCP Ret,39040,ASUS,nan,nan,nan
NVIDIA TESLA  A30 24GB PCI EXP  (TCSA30M-PB) {5} (384135),389280,PNY,nan,nan,nan
nVidia Quadro RTX A6000 A6000 PCI-E 49152Mb GDDR6 384 Bit OEM 900-5G133-2200-000,475550,nVidia,Quadro RTX A6000,1860,49152
"TESLA  A2 16GB GDDR6  PCIe x8 4.0, Single Slot HHHL, Passive, 60W, PG179 SKU220,GENERIC,GA107-890",95970,nVidia,nan,nan,nan
NVIDIA TESLA  A10 CEC 24GB PCI EXP  (TCSA10MCEC-PB),256680,PNY,nan,nan,nan
PNY Quadro RTX A4500 VCNRTXA4500-SB PCI-E 20480mb GDDR6 320 Bit Retail,160190,PNY,Quadro RTX A4500,1650,20480
"NVIDIA TESLA A16 4x Ampere GPU, 64GB (4x 16GB), 250W (900-2G171-0000-000) {9}",274190,nVidia,nan,nan,nan
"TESLA T4 PG183 SKU200,GENERIC, A01,TU104  OEM (900-2G183-0000-000)",216110,nVidia,nan,nan,nan
PNY Quadro RTX A4500 A4500 PCI-E 20480mb GDDR6 320 Bit Retail SVCNRTXA4500-PB,163070,PNY,Quadro RTX A4500,1650,20480
TCSA2M-PB TESLA 16GB GDDR6 128-bit PCI Express 4.0 x8 (388416) {5},104630,PNY,nan,nan,nan
InnoVISION nVidia GeForce RTX 3080 CMP-90HX X3M PCI-E 10240Mb GDDR6X 320 Bit OEM,86590,InnoVISION,nVidia GeForce RTX 3080,1710,10240
ASUS nVidia GeForce RTX 3060 Dual V2 OC Edition PCI-E 12288Mb GDDR6 192 Bit Retail,49160,ASUS,nVidia GeForce RTX 3060,1867,12288
Palit GeForce GTX 1050 Ti PA-GTX1050Ti StormX 4G PCI-E 4096Mb 128 Bit Retail (PA-GTX1050Ti StormX 4G),21770,Palit,GeForce GTX 1050 Ti,1290,4096
MSI nVidia GeForce RTX 3080 VENTUS 3X PLUS OC LHR PCI-E 10240Mb GDDR6X 320 Bit Retail (RTX 3080 VENTUS 3X PLUS 10G OCLHRRU),140740,MSI,nVidia GeForce RTX 3080,1740,10240
Palit nVidia GeForce RTX 3060 Ti DUAL V1 LHR PCI-E 8192Mb GDDR6 256 Bit Retail (NE6306T019P2-190AD),62670,Palit,nVidia GeForce RTX 3060 Ti,1410,8192
ASUS nVidia GeForce RTX 3060 TUF-V2-GAMING LHR PCI-E 12288Mb GDDR6 192 Bit Retail (TUF-RTX3060-12G-V2-GAMING),49890,ASUS,nVidia GeForce RTX 3060,1807,12288
MSI nVidia GeForce RTX 3060 GAMING X LHR PCI-E 12288Mb GDDR6 192 Bit Retail (RTX 3060 GAMING X 12G),55840,MSI,nVidia GeForce RTX 3060,1837,12288
MSI nVidia GeForce RTX 2060 VENTUS OC PCI-E 12288Mb GDDR6 192 Bit Retail (RTX 2060 VENTUS 12G OC),38230,MSI,nVidia GeForce RTX 2060,1680,12288
MSI nVidia GeForce RTX 3050 VENTUS 2X OC PCI-E 8192Mb GDDR6 128 Bit Retail (RTX 3050 VENTUS 2X 8G OC),37520,MSI,nVidia GeForce RTX 3050,1807,8192
ASUS GeForce GT 730 GT730-SL-2GD5-BRK-E PCI-E 2048Mb GDDR5 64 Bit Retail,6750,ASUS,GeForce GT 730,706,2048
GigaByte Radeon RX 6600 EAGLE PCI-E 8192Mb GDDR6 128 Bit Retail (GV-R66EAGLE-8GD),39250,GigaByte,Radeon RX 6600,1792,"gddr6/"" class=""pseudo"
Palit nVidia GeForce RTX 3060 Ti DUAL OC PCI-E 8192Mb GDDR6 256 Bit Retail (NE6306TS19P2-190AD),54760,Palit,nVidia GeForce RTX 3060 Ti,1410,8192
GigaByte nVidia GeForce RTX 3060 Ti GAMING OC LHR PCI-E 8192Mb GDDR6 256 Bit Retail,56710,GigaByte,nVidia GeForce RTX 3060 Ti,1740,8192
MSI nVidia GeForce RTX 3060 VENTUS 2X OC PCI-E 12288Mb GDDR6 192 Bit Retail (RTX 3060 VENTUS 2X 12G OC),57780,MSI,nVidia GeForce RTX 3060,1320,12288
Palit GeForce GTX 1660 SUPER GP OC PCI-E 6144Mb GDDR6 192 Bit Retail (NE6166SS18J9-1160A-1),30500,Palit,GeForce GTX 1660 SUPER,1530,6144
Palit nVidia GeForce RTX 3060 Dual LHR PCI-E 12288Mb GDDR6 192 Bit Retail (PA-RTX3060 Dual 12G),50580,Palit,nVidia GeForce RTX 3060,1320,12288
ASUS nVidia GeForce RTX 3060 Ti Dual V2 OC Edition LHR PCI-E 8192Mb GDDR6 256 Bit Retail (DUAL-RTX3060TI-O8G-V2),51920,ASUS,nVidia GeForce RTX 3060 Ti,1740,8192
Palit nVidia GeForce RTX 2060 SUPER DUAL PCI-E 8192Mb GDDR6 256 Bit Retail (ne6206s018p2-1160a-1),47280,Palit,nVidia GeForce RTX 2060 SUPER,1470,8192
Palit GeForce GTX 1660 SUPER GP PCI-E 6144Mb GDDR6 192 Bit Retail (NE6166S018J9-1160A-1),30290,Palit,GeForce GTX 1660 SUPER,1530,6144
Gigabyte PCI-E 4.0 GV-N3080GAMING OC-12GD LHR NVIDIA GeForce RTX 3080 12288Mb 320 GDDR6X 1755/19000 HDMIx2 DPx3 HDCP Ret,108960,GigaByte,nan,nan,nan
MSI nVidia GeForce RTX 3060 Ti GAMING Z TRIO LHR PCI-E 8192Mb GDDR6 256 Bit Retail,57880,MSI,nVidia GeForce RTX 3060 Ti,1845,8192
GigaByte nVidia GeForce RTX 3060 EAGLE OC LHR PCI-E 12288Mb GDDR6 192 Bit Retail (GV-N3060EAGLE OC-12GD 2.0),56290,GigaByte,nVidia GeForce RTX 3060,1807,12288
RTX3080 Advanced OC 12GB LHR-V GDDR6X 384bit HDMI 3xDP (596462),104600,ColorFul,nan,nan,nan
Gigabyte PCI-E 4.0 GV-N307TVISION OC-8GD NVIDIA GeForce RTX 3070TI 8192Mb 256 GDDR6X 1830/19000/HDMIx2/DPx2/HDCP Ret,77850,GigaByte,nan,nan,nan
"RX6700XT 12GB GDDR6 192bit HDMI 3xDP (AXRX 6700XT 12GBD6-3DH) RTL {15}, (173380)",57730,PowerColor,nan,nan,nan
PowerColor PCI-E 4.0 AXRX 6500XT 4GBD6-DH AMD Radeon RX 6500XT 4096Mb 64 GDDR6 2359/18000 HDMIx1 DPx3 HDCP Ret,20270,PowerColor,nan,nan,nan
"GT240 1GB DDR3 128BIT, LP Single fan (782883)",2400,nan,nan,nan,nan
BIOSTAR GeForce GT 1030 4096Mb ATX SINGLE FAN (VN1034TB46),9180,BIOSTAR,nan,nan,nan
RX6700XT OC 12GB GDDR6 (686328),54120,BIOSTAR,nan,nan,nan
RX6800XT 16GB GDDR6 256bit DVI HDMI 3xDP (AXRX 6800XT 16GBD6-3DHR/OC) RTL {5} (173137),90930,PowerColor,nan,nan,nan
RX6800-16GB (686403) {10},71710,BIOSTAR,nan,nan,nan
PNY Quadro RTX A4500 VCNRTXA4500-PB PCI-E 20480mb GDDR6 320 Bit Retail,170650,PNY,Quadro RTX A4500,1650,20480
Palit GeForce GTX 1660 Ti Dual PCI-E 6144Mb GDDR6 192 Bit Retail (NE6166T018J9-1160C),29250,Palit,GeForce GTX 1660 Ti,1770,6144
MSI nVidia GeForce RTX 2060 VENTUS OC PCI-E 6144Mb GDDR6 192 Bit OEM,45680,MSI,nVidia GeForce RTX 2060,1710,6144
ASUS Radeon RX 6700 XT DUAL OC Edition PCI-E 12288Mb GDDR6 192 Bit Retail ()DUAL-RX6700XT-O12G),62560,ASUS,Radeon RX 6700 XT,2622,12288
Palit nVidia GeForce RTX 3070 JetStream V1 LHR PCI-E 8192Mb GDDR6 256 Bit Retail (NE63070019P2-1040J V1),62160,Palit,nVidia GeForce RTX 3070,1500,8192
KFA2 GeForce GTX 1650 D6 EX PCI-E 4096Mb GDDR6 128 Bit Retail,16940,KFA2,GeForce GTX 1650 D6,1410,4096
GigaByte GeForce GT 730 GV-N730D5-2GL PCI-E 2048Mb 64 Bit Retail (GV-N730D5-2GL),6010,GigaByte,GeForce GT 730,902,2048
Gigabyte nVidia GeForce RTX 2060 WINDFORCE OC PCI-E 12288Mb GDDR6 192 Bit Retail (GV-N2060WF2OC-12GD),43050,Gigabyte,nVidia GeForce RTX 2060,1680,12288
Palit nVidia GeForce RTX 3060 StormX LHR PCI-E 12288Mb GDDR6 192 Bit Retail (NE63060019K9-190AF),74240,Palit,nVidia GeForce RTX 3060,1320,12288
GigaByte GeForce GT 730 GV-N730D3-2GI Retail PCI-E 2048Mb GDDR3 64 Bit Retail (GV-N730D3-2GI),6560,GigaByte,GeForce GT 730,902,2048
MSI nVidia GeForce RTX 3060 Ti GAMING X LHR PCI-E 8192Mb GDDR6 256 Bit Retail (RTX 3060 TI GAMING X 8G LHR),65490,MSI,nVidia GeForce RTX 3060 Ti,1770,8192
Sapphire Radeon RX 6600 Pulse PCI-E 8192Mb GDDR6 128 Bit Retail (11310-01-20G),41550,Sapphire,Radeon RX 6600,1626,8192
DELL Quadro T1000 490-BGXY PCI-E 4096Mb GDDR6 128 Bit OEM,70420,DELL,Quadro T1000,896,"gddr6/"" class=""pseudo"
MSI GeForce GT 210 N210-1GD3/LP PCI-E 1024Mb DDR3 64 Bit Retail,3700,MSI,GeForce GT 210,460,1024
GigaByte nVidia GeForce RTX 3060 EAGLE LHR PCI-E 12288Mb GDDR6 192 Bit Retail (GV-N3060EAGLE-12GD 2.0),48940,GigaByte,nVidia GeForce RTX 3060,1777,12288
ASUS GeForce GTX 1660 Ti TUF Gaming EVO TOP Edition PCI-E 6144Mb GDDR6 192 Bit Retail (TUF-GTX1660TI-T6G-EVO-GAMING) 90YV0CT9-M0NA00,38040,ASUS,GeForce GTX 1660 Ti,1845,6144
MSI nVidia GeForce RTX 3070 VENTUS 2X OC LHR PCI-E 8192Mb GDDR6 256 Bit Retail (RTX 3070 VENTUS 2X 8G OC LHR),66520,MSI,nVidia GeForce RTX 3070,1755,8192
ASUS nVidia GeForce RTX 3070 Dual V2 OC Edition LHR PCI-E 8192Mb GDDR6 256 Bit Retail (DUAL-RTX3070-O8G-V2),67740,ASUS,nVidia GeForce RTX 3070,1800,8192
Gigabyte PCI-E 4.0 GV-N3070EAGLE OC-8GD 2.0 LHR NVIDIA GeForce RTX 3070 8192Mb 256 GDDR6 1770/14000 HDMIx2 DPx2 HDCP Ret,67110,GigaByte,nan,nan,nan
ASUS GeForce GTX 1650 Dual OC Edition PCI-E 4096Mb GDDR5 128 Bit Retail (DUAL-GTX1650-O4G),18780,ASUS,GeForce GTX 1650,1485,4096
Gigabyte PCI-E 4.0 GV-N3050EAGLE-8GD NVIDIA GeForce RTX 3050 8192Mb 128 GDDR6 1777/14000 HDMIx2 DPx2 HDCP Ret,30370,GigaByte,nan,nan,nan
GigaByte nVidia GeForce RTX 3060 Ti GAMING OC PRO LHR PCI-E 8192Mb GDDR6 256 Bit Retail (GV-N306TGAMINGOC PRO-8GD 3.0),61970,GigaByte,nVidia GeForce RTX 3060 Ti,1770,8192
ASUS GeForce GT 730 GT730-4H-SL-2GD5 PCI-E 2048Mb GDDR5 64 Bit Retail,6480,ASUS,GeForce GT 730,902,2048
Palit GeForce GTX 1650 GP PCI-E 4096Mb GDDR6 128 Bit Bulk (NE6165001BG1-1175A),18330,Palit,GeForce GTX 1650,1410,4096
Palit nVidia GeForce RTX 3070 GameRock OC PCI-E 8192Mb GDDR6 256 Bit Retail (NE63070H19P2-1040G),76810,Palit,nVidia GeForce RTX 3070,1500,8192
Palit nVidia GeForce RTX 3070 Ti GamingPro PCI-E 8192Mb GDDR6X 256 Bit Retail,79500,Palit,nVidia GeForce RTX 3070 Ti,1575,8192
2048Mb Palit GeForce GT730 PCI-E DDR3 64 bit DVI HDMI Retail,5680,Palit,GeForce GT 730,902,2048
Palit nVidia GeForce RTX 3070 Ti GameRock OC PCI-E 8192Mb GDDR6X 256 Bit Retail (NED307TT19P2-1047G),83650,Palit,nVidia GeForce RTX 3070 Ti,1545,8192
GigaByte GeForce GT 1030 NVidia GeForce GT 1030 PCI-E 2048Mb DDR4 64 Bit Retail (GV-N1030D4-2GL),7520,GigaByte,GeForce GT 1030,1151,2048
GigaByte nVidia GeForce RTX 2060 D6 rev. 2.0 PCI-E 6144Mb GDDR6 192 Bit Retail (GV-N2060D6-6GD 2.0),33800,GigaByte,nVidia GeForce RTX 2060,1680,6144
Palit GeForce GTX 1650 GP PCI-E 4096Mb GDDR6 128 Bit Retail (NE6165001BG1-1175A),18610,Palit,GeForce GTX 1650,1410,4096
MSI nVidia GeForce RTX 3060 Ti VENTUS 2X OCV1 LHR PCI-E 8192Mb GDDR6 256 Bit Retail (3060 Ti VENTUS 2X 8G OCV1 LHR),51700,MSI,nVidia GeForce RTX 3060 Ti,1695,8192
GigaByte nVidia GeForce RTX 3060 Ti EAGLE OC LHR PCI-E 8192Mb GDDR6 256 Bit Retail (GV-N306TEAGLE OC-8GD 2.0),55560,GigaByte,nVidia GeForce RTX 3060 Ti,1695,8192
GigaByte GeForce GTX 1050 Ti GV-N105TD5-4GD PCI-E 4096Mb GDDR5 128 Bit Retail (GV-N105TD5-4GD),19550,GigaByte,GeForce GTX 1050 Ti,1290,4096
Afox GeForce GT 210 AF210-1024D2LG2 PCI-E 1024Mb DDR2 64 Bit Retail,2320,Afox,GeForce GT 210,459,1024
MSI GeForce GTX 1050 Ti GTX 1050 Ti 4GT OC PCI-E 4096Mb GDDR5 128 Bit Retail,20510,MSI,GeForce GTX 1050 Ti,1341,4096
GigaByte nVidia GeForce RTX 3070 VISION OC V2 LHR PCI-E 8192Mb GDDR6 256 Bit Retail (GV-N3070VISION OC-8GD V2),70630,GigaByte,nVidia GeForce RTX 3070,1815,8192
Afox GeForce GT 740 AF740-4096D3L3 PCI-E 4096Mb GDDR3 128 Bit Retail,6390,Afox,GeForce GT 740,933,4096
ASUS nVidia GeForce RTX 3060 Phoenix V2 LHR PCI-E 12288Mb GDDR6 192 Bit Retail (PH-RTX3060-12G-V2),42730,ASUS,nVidia GeForce RTX 3060,1807,12288
Afox GeForce GT 210 AF210-512D3L3-V2 PCI-E 512Mb GDDR2 64 Bit Retail,1930,Afox,GeForce GT 210,520,512
ASUS nVidia GeForce RTX 3060 Ti ROG STRIX V2 GAMING LHR PCI-E 8192Mb GDDR6 192 Bit Retail (ROG-STRIX-RTX3060TI-O8G-V2-GAMING),63620,ASUS,nVidia GeForce RTX 3060 Ti,1890,8192
PNY Quadro T1000 VCNT1000-SB PCI-E 4096Mb GDDR6 128 Bit Retail,62360,PNY,Quadro T1000,896,"gddr6/"" class=""pseudo"
Palit nVidia GeForce RTX 3070 JetStream OC V1 LHR PCI-E 8192Mb GDDR6 256 Bit Retail,63570,Palit,1815,5888,"gddr6/"" class=""pseudo"
GigaByte GeForce GTX 1660 Ti D6 GV-N166TD6-6GD PCI-E 6144Mb GDDR6 192 Bit Retail,53040,GigaByte,GeForce GTX 1660 Ti D6,1770,6144
ASUS nVidia GeForce RTX 3070 TUF Gaming V2 LHR PCI-E 8192Mb GDDR6 192 Bit Retail (TUF-RTX3070-O8G-V2-GAMING),73940,ASUS,nVidia GeForce RTX 3070,1755,8192
MSI nVidia GeForce RTX 3060 VENTUS 3X OC PCI-E 12288Mb GDDR6 192 Bit Retail,45910,MSI,nVidia GeForce RTX 3060,1807,12288
Palit nVidia GeForce RTX 3070 GameRock OC LHR PCI-E 8192Mb GDDR6 256 Bit Retail (NE63070H19P2-1040G V1),64980,Palit,nVidia GeForce RTX 3070,1500,8192
ASUS nVidia GeForce RTX 3060 Ti TUF Gaming V2 OC Edition PCI-E 8192Mb GDDR6 256 Bit Retail (TUF-RTX3060TI-O8G-V2-GAMING),57290,ASUS,nVidia GeForce RTX 3060 Ti,1785,8192
ASUS GeForce GT 1030 GT1030-2G-BRK PCI-E 2048Mb GDDR5 64 Bit Retail (GT1030-2G-BRK),7780,ASUS,1506,384,"gddr5/"" class=""pseudo"
GigaByte GeForce GT 710 GV-N710D5-2GL PCI-E 1024Mb 64 Bit Retail (GV-N710D5-2GL),5180,GigaByte,954,192,"gddr5/"" class=""pseudo"
MSI nVidia GeForce RTX 3050 GAMING X PCI-E 8192Mb GDDR6 128 Bit Retail (RTX 3050 GAMING X 8G),38030,MSI,nVidia GeForce RTX 3050,1845,8192
ASUS Radeon RX 6600 DUAL PCI-E 8192Mb GDDR6 128 Bit Retail DUAL-RX6600-8G,33020,ASUS,1626,1792,"gddr6/"" class=""pseudo"
MSI GeForce GTX 1050 Ti GTX 1050 Ti GAMING X 4G PCI-E 4096Mb GDDR5 128 Bit Retail,22980,MSI,1290,768,"gddr5/"" class=""pseudo"
MSI nVidia GeForce RTX 3060 Ti GAMING Z TRIO LHR PCI-E 8192Mb GDDR6 256 Bit Retail (RTX3060TI GAM ZTRIO8G LHR),65370,MSI,nVidia GeForce RTX 3060 Ti,1845,8192
GigaByte GeForce GT 730 GT730 PCI-E 2048Mb GDDR3 64 Bit Retail (GV-N730D3-2GI ),5340,GigaByte,902,,"64_bit/"" class=""pseudo"
Zotac nVidia GeForce RTX 3060 GAMING Twin Edge OC PCI-E 12288Mb GDDR6 192 Bit Retail (ZT-A30600H-10M),72480,Zotac,nVidia GeForce RTX 3060,1807,12288
Afox GeForce GT 730 AF730-4096D3L6 PCI-E 4096Mb GDDR3 128 Bit Retail,4930,Afox,GeForce GT 730,700,4096
AHR735025F Radeon R7 350 (512SP) 2G GDDR5 128BIT (DVI/HDMI/CRT) RTL {20},5140,nan,nan,nan,nan
Afox GeForce GT 220 AF220-1024D3L2 PCI-E 1024Mb GDDR3 64 Bit Retail,2540,Afox,GeForce GT 220,625,1024
Afox AMD Radeon R5 220 AFR5220-2048D3L4 PCI-E 2048Mb GDDR3 64 Bit Retail,2700,Afox,AMD Radeon R5 220,650,2048
MSI GeForce GTX 1650 D6 GTX 1650 D6 VENTUS XS PCI-E 4096Mb GDDR6 128 Bit Retail,18980,MSI,GeForce GTX 1650 D6,1620,4096
PowerColor PCI-E AXRX 580 8GBD5-DHDV2/OC AMD Radeon RX 580 8192Mb 256 GDDR5 1350/8000 DVIx1/HDMIx1/DPx1/HDCP Ret,22490,PowerColor,nan,nan,nan
GTX1650 D6 WINDFORCE 4GB GDDR6 128bit DVI HDMI DP GV-N1656WF2-4GD  RTL (306762) GV-N1656WF2-4GD {20},18630,nan,nan,nan,nan
SINOTEX Ninja GeForce GT 730 NK73NP043F PCI-E 4096Mb GDDR3 128 Bit Retail,4920,SINOTEX Ninja,GeForce GT 730,700,4096
ASUS nVidia GeForce RTX 3060 ROG-STRIX-V2-GAMING LHR PCI-E 12288Mb GDDR6 192 Bit Retail (ROG-STRIX-RTX3060-O12G-V2-GAMING),53140,ASUS,nVidia GeForce RTX 3060,1912,12288
MSI nVidia GeForce RTX 3090 SUPRIM X PCI-E 24576Mb GDDR6X 384 Bit Retail (RTX 3090 SUPRIM X 24G),161140,MSI,nVidia GeForce RTX 3090,1860,24576
Palit nVidia GeForce RTX 3070 GamingPro OC LHR PCI-E 8192Mb GDDR6 256 Bit Retail (NE63070S19P2-1041A),67110,Palit,1500,5888,"gddr6/"" class=""pseudo"
ASRock Radeon RX 6900 XT OC Formula PCI-E 16384Mb GDDR6 256 Bit Retail,178370,ASRock,Radeon RX 6900 XT,2125,16384
MSI PCI-E 4.0 RTX 3080 VENTUS 3X PLUS 10G OC LHR RU NVIDIA GeForce RTX 3080 10240Mb 320 GDDR6X 1740/19000 HDMIx1 DPx3 HDCP Ret,91820,MSI,nan,nan,nan
TUF-RTX3070Ti-8G-GAMING 8GB GDDR6X 256bit 2xHDMI 3xDP RTL {5} (243014),88990,ASUS,nan,nan,nan
PCIE16 RTX3080 12GB LHR PA-RTX3080 GAMEROCK 12G PALIT,96760,Palit,nan,nan,nan
PNY nVidia GeForce RTX 3080 XLR8 Gaming REVEL EPIC-X RGBâ„¢ Triple Fan (LHR) PCI-E 10240Mb GDDR6X 320 Bit Retail (VCG308010LTFXPPB),98690,PNY,1440,8704,"gddr6x/"" class=""pseudo"
MSI nVidia GeForce RTX 3090 GAMING X TRIO PCI-E 24576Mb GDDR6X 384 Bit Retail,178570,MSI,nVidia GeForce RTX 3090,1785,24576
MSI PCI-E 4.0 RTX 3080 Ti VENTUS 3X 12G OC RU NVIDIA GeForce RTX 3080TI 12288Mb 384 GDDR6X 1695/19000 HDMIx1 DPx3 HDCP Ret,132780,MSI,nan,nan,nan
MSI nVidia GeForce RTX 3070 Ti VENTUS 3X OC PCI-E 8192Mb GDDR6X 256 Bit Retail (RTX 3070 TI VENTUS 3X 8G OC),82420,MSI,nVidia GeForce RTX 3070 Ti,1800,8192
ASUS nVidia GeForce RTX 3090 TUF Gaming PCI-E 24576Mb GDDR6X 384 Bit Retail (TUF-RTX3090-O24G-GAMING),162010,ASUS,1770,10496,"gddr6x/"" class=""pseudo"
GigaByte nVidia GeForce RTX 3080 GAMING OC LHR PCI-E 10240Mb GDDR6X 320 Bit Retail GV-N3080GAMING OC-10GD V2,91820,GigaByte,nan,nan,nan
GigaByte nVidia GeForce RTX 3070 Ti GAMING OC PCI-E 8192Mb GDDR6X 256 Bit Retail (GV-N307TGAMING OC-8GD),71830,GigaByte,nVidia GeForce RTX 3070 Ti,1830,8192
ASUS nVidia GeForce RTX 3070 Ti TUF Gaming OC Edition LHR PCI-E 8192Mb GDDR6X 256 Bit Retail (TUF-RTX3070TI-O8G-GAMING),90840,ASUS,nVidia GeForce RTX 3070 Ti,1815,8192
GigaByte nVidia GeForce RTX 3080 Ti EAGLE OC PCI-E 12288Mb GDDR6X 384 Bit Retail (GV-N308TEAGLE OC-12GD),120310,GigaByte,nVidia GeForce RTX 3080 Ti,1680,12288
MSI nVidia GeForce RTX 3090 VENTUS PCI-E 24576Mb GDDR6X 384 Bit Retail,157550,MSI,nVidia GeForce RTX 3090,1725,24576
ASUS nVidia GeForce RTX 3070 ROG-STRIX-V2-GAMING LHR PCI-E 8192Mb GDDR6 192 Bit Retail (ROG-STRIX-RTX3070-O8G-V2-GAMING),80250,ASUS,nVidia GeForce RTX 3070,1935,8192
ASUS nVidia GeForce RTX 3080 TUF Gaming V2 OC Edition LHR PCI-E 10240Mb GDDR6X 320 Bit Retail (TUF-RTX3080-O10G-V2-GAMING),111590,ASUS,nVidia GeForce RTX 3080,1815,10240
Sapphire Radeon RX 6800 PULSE OC GAMING PCI-E 16384Mb GDDR6 256 Bit Retail (11305-02-20G),94920,Sapphire,Radeon RX 6800,1950,16384
GigaByte nVidia GeForce RTX 3080 Ti GAMING OC PCI-E 12288Mb GDDR6X 384 Bit Retail,123600,GigaByte,nVidia GeForce RTX 3080 Ti,1710,12288
MSI GeForce GT 730 OC PCI-E 4096Mb DDR3 64 Bit Retail (N730K-4GD3/OCV1),7810,MSI,GeForce GT 730,750,4096
GigaByte nVidia GeForce RTX 3080 Ti VISION OC PCI-E 12288Mb GDDR6X 384 Bit Retail (GV-N308TVISION OC-12GD),124310,GigaByte,nVidia GeForce RTX 3080 Ti,1710,12288
Afox GeForce GTX 750 AF750-4096D5L4-V2 PCI-E 4096Mb GDDR5 128 Bit Retail,9720,Afox,GeForce GTX 750,1020,4096
NINJA GeForce GT 740 NH74NP045F PCI-E 4096Mb GDDR5 128 Bit Retail,7930,NINJA,GeForce GT 740,1100,4096
PNY nVidia GeForce RTX 3060 VCG306012DFMPB PCI-E 12288Mb GDDR6 192 Bit Retail,54840,PNY,nVidia GeForce RTX 3060,1770,12288
PNY GeForce GTX 1660 Ti XLR8 Gaming Overclocked Single Fan PCI-E 6144Mb GDDR6 192 Bit Retail (VCG1660T6SFPPB),57410,PNY,GeForce GTX 1660 Ti,1815,6144
NINJA GeForce GT 740 NH74NP025F PCI-E 2048Mb GDDR5 128 Bit Retail,6020,NINJA,GeForce GT 740,1100,2048
"RX6600 Challenger D 8G 8GB GDDR6 128bit HDMI 3xDP, RTL {10} (935749)",33190,ASRock,nan,nan,nan
Afox GeForce GT 740 AF740-2048D5L4 PCI-E 2048Mb GDDR5 128 Bit Retail,6130,Afox,GeForce GT 740,1058,2048
GigaByte GeForce GTX 1650 OC PCI-E 4096Mb GDDR5 128 Bit Retail (GV-N1650OC-4GD),19500,GigaByte,GeForce GTX 1650,1710,4096
GigaByte nVidia GeForce RTX 3060 VISION OC rev. 2.0 LHR PCI-E 12288Mb GDDR6 192 Bit Retail (GV-N3060VISION OC-12GD 2),50510,GigaByte,nVidia GeForce RTX 3060,1837,12288
SINOTEX Ninja GeForce GT 610 NK61NP013F PCI-E 10240Mb GDDR3 64 Bit Retail,2470,SINOTEX Ninja,GeForce GT 610,810,10240
NINJA Radeon RX 560 AHRX56045F PCI-E 4096Mb GDDR5 128 Bit Retail,12060,NINJA,Radeon RX 560,1275,4096
MSI GeForce GT 1030 GeForce GT 1030 LP OC PCI-E 2048Mb DDR4 64 Bit Retail (GT 1030 2GHD4 LP OC),7610,MSI,GeForce GT 1030,1189,2048
ASUS GeForce GTX 1660 Ti TUF Gaming EVO OC Edition PCI-E 6144Mb GDDR6 192 Bit Retail (TUF-GTX1660TI-O6G-EVO-GAMING),34640,ASUS,GeForce GTX 1660 Ti,1845,6144
RTX3060 TWIN X2 12GB GDDR6 192bit DVI HDMI 3xDP RTL {10} (796) (102091),46100,Inno3D,nan,nan,nan
SINOTEX Ninja AMD Radeon R5 230 AKR523013F PCI-E 1024Mb GDDR3 64 Bit Retail,2270,SINOTEX Ninja,AMD Radeon R5 230,625,1024
AMD FirePro S400 Sync Module,56290,AMD,S400,,nan
RTX3050 GAMING OC X2 8GB GDDR6 128-bit HDMI 3xDP LHR RTL {10} (862) (102671),33190,nan,nan,nan,nan
RTX3070 TWIN X2 OC 8GB GDDR6 256bit DVI HDMI 3xDP LHR RTL {10},66380,Inno3D,nan,nan,nan
Afox GeForce GT 740 AF740-2048D5H3 PCI-E 2048Mb GDDR5 64 Bit Retail,6280,Afox,GeForce GT 740,1058,2048
GTX1630 4GB GDDR5 128bit DVI HDMI DP RTL (311131) {20},15820,nan,nan,nan,nan
GTX1630 4GB GDDR5 128bit DVI HDMI DP RTL (311148),15820,nan,nan,nan,nan
Inno3D nVidia GeForce RTX 2060 SUPER Twin X2 OC PCI-E 8192Mb GDDR6 256 Bit Retail (N206S2-08D6X-1710VA15L),39690,Inno3D,nVidia GeForce RTX 2060 SUPER,1665,8192
"Ninja NK103FG25F, GT1030  PCIE (384SP) 2G 64BIT GDDR5 (Dual Link DVI-D/HDMI)  RTL {20}",6760,nan,nan,nan,nan
GigaByte GeForce GT 730 GV-N730D3-2GI V3.0 PCI-E 2048Mb GDDR3 64 Bit Retail,5480,GigaByte,GeForce GT 730,902,2048
SINOTEX Ninja GeForce GT 210 NK21NP013F PCI-E 1024Mb GDDR3 64 Bit Retail,2200,SINOTEX Ninja,GeForce GT 210,589,1024
SINOTEX Ninja GeForce GT 220 NH22NP013F PCI-E 1024Mb GDDR3 128 Bit Retail,2330,SINOTEX Ninja,GeForce GT 220,625,1024
Gigabyte PCI-E 4.0 GV-N306TVISION OC-8GD 2.0 LHR NVIDIA GeForce RTX 3060Ti 8192Mb 256 GDDR6 1755/14000 HDMIx2 DPx2 HDCP Ret,59170,GigaByte,nan,nan,nan
Zotac GeForce GT 730 Zone Edition PCI-E 4096Mb GDDR3 64 Bit Retail (ZT-71115-20L),6160,Zotac,GeForce GT 730,902,4096
GigaByte GeForce GTX 1660 OC PCI-E 6144Mb GDDR5 192 Bit Retail,31210,GigaByte,GeForce GTX 1660,1830,6144
SINOTEX Ninja GeForce GT 610 NK61NP023F PCI-E 2048Mb GDDR3 64 Bit Retail,3020,SINOTEX Ninja,GeForce GT 610,810,2048
NINJA AMD Radeon R5 230 AKR523023F PCI-E 2048Mb DDR3 64 Bit Retail AKR523023F,2810,NINJA,AMD Radeon R5 230,625,2048
GigaByte GeForce GTX 1660 Ti OC PCI-E 6144Mb GDDR6 192 Bit Retail (GV-N166TOC-6GD),51440,GigaByte,GeForce GTX 1660 Ti,1800,6144
MSI nVidia GeForce RTX 2060 SUPER VENTUS OC PCI-E 8192Mb GDDR6 256 Bit OEM (RTX 2060 SUPER VENTUS OC RU),53690,MSI,nVidia GeForce RTX 2060 SUPER,1665,8192
ASUS Radeon RX 6700 XT DUAL PCI-E 12288Mb GDDR6 192 Bit Retail (DUAL-RX6700XT-12G),56510,ASUS,Radeon RX 6700 XT,2581,12288
GigaByte Radeon RX 6700 XT EAGLE PCI-E 12288Mb GDDR6 192 Bit Retail (GV-R67XTEAGLE-12GD),56420,GigaByte,Radeon RX 6700 XT,2581,12288
MSI nVidia GeForce RTX 2060 VENTUS OC PCI-E 6144Mb GDDR6 192 Bit Retail (RTX 2060 VENTUS 6G OC),33910,MSI,nVidia GeForce RTX 2060,1710,6144
Palit GeForce GT 1030 NEC103000646-1082F PCI-E 2048Mb 64 Bit OEM (NEC103000646-1082F),7120,Palit,GeForce GT 1030,1151,2048
MSI GeForce GT 1030 GeForce GT 1030 AERO ITX 2GD4 OC PCI-E 2048Mb DDR4 64 Bit Retail (GT 1030 AERO ITX 2GD4 OC),8060,MSI,GeForce GT 1030,1189,2048
MSI Radeon RX 6700 XT GAMING X PCI-E 12288Mb GDDR6 192 Bit Retail (RX 6700 XT GAMING X 12G),68680,MSI,Radeon RX 6700 XT,2560,"gddr6/"" class=""pseudo"
Palit GeForce GTX 1660 SUPER StormX PCI-E 6144Mb GDDR6 192 Bit OEM (NE6166S018J9-161F),37130,Palit,GeForce GTX 1660 SUPER,1530,6144
Palit GeForce GTX 1050 Ti StormX PCI-E 4096Mb GDDR5 128 Bit OEM,18200,Palit,GeForce GTX 1050 Ti,1290,4096
GigaByte GeForce GTX 1660 SUPER D6 PCI-E 6144Mb GDDR6 192 Bit Retail (GV-N166SD6-6GD),30990,GigaByte,GeForce GTX 1660 SUPER,1785,6144
Palit nVidia GeForce RTX 3070 Ti GameRock PCI-E 8192Mb GDDR6X 256 Bit Retail (NED307T019P2-1047G),72300,Palit,nVidia GeForce RTX 3070 Ti,1575,8192
GigaByte GeForce GTX 1650 D6 OC PCI-E 4096Mb GDDR6 128 Bit Retail (GV-N1656OC-4GD),18860,GigaByte,GeForce GTX 1650 D6,1635,4096
MSI PCI-E GTX 1660 SUPER VENTUS XS nVidia GeForce GTX 1660SUPER 6144Mb 192bit GDDR6 1530/14000/HDMIx1/DPx3/HDCP Ret,31790,MSI,GeForce GTX 1660 SUPER,1530,6144
Asus PCI-E DUAL-GTX1660S-6G-EVO nVidia GeForce GTX 1660SUPER 6144Mb 192bit GDDR6 1530/14002 DVIx1/HDMIx1/DPx1/HDCP Ret,31020,ASUS,GeForce GTX 1660 SUPER,1815,6144
ASUS GeForce GTX 1660 SUPER TUF Gaming OC Edition PCI-E 6144Mb GDDR6 192 Bit Retail (TUF-GTX1660S-O6G-GAMING),31690,ASUS,GeForce GTX 1660 SUPER,1530,6144
Afox GeForce GT 210 AF210-1024D3L5-V2 PCI-E 1024Mb GDDR3 64 Bit Retail,2280,Afox,GeForce GT 210,450,1024
MSI PCI-E GTX 1650 D6 VENTUS XS OC nVidia GeForce GTX 1650 4096Mb 128bit GDDR6 1485/8000 DVIx1/HDMIx1/DPx1/HDCP Ret,19150,MSI,GeForce GTX 1650 D6,1740,4096
MSI nVidia GeForce RTX 2060 SUPER VENTUS GP PCI-E 8192Mb GDDR6 256 Bit Retail (RTX 2060 SUPER VENTUS GP),54930,MSI,nVidia GeForce RTX 2060 SUPER,1665,8192
MSI GeForce GTX 1650 D6 GAMING X PCI-E 4096Mb GDDR6 128 Bit Retail (GTX 1650 D6 GAMING X),21180,MSI,GeForce GTX 1650 D6,1710,4096
GigaByte nVidia GeForce RTX 2060 D6 PCI-E 6144Mb GDDR6 192 Bit Retail (GV-N2060D6-6GD),33200,GigaByte,nVidia GeForce RTX 2060,1680,6144
Palit GeForce GT 710 PA-GT710-2GD3H PCI-E 2048Mb DDR3 64 Bit OEM (NEAT7100HD46-2080H),4290,Palit,GeForce GT 710,954,2048
MSI GeForce GTX 1660 SUPER GAMING X PCI-E 6144Mb GDDR6 192 Bit Retail (GTX 1660 SUPER GAMING X),32090,MSI,GeForce GTX 1660 SUPER,1830,6144
MSI GeForce GTX 1660 SUPER VENTUS XS OC PCI-E 6144Mb GDDR6 192 Bit Retail (GTX 1660 SUPER VENTUS XS OC RU),51850,MSI,GeForce GTX 1660 SUPER,1815,6144
Gigabyte PCI-E GV-N1656D6-4GL NVIDIA GeForce GTX 1650 4096Mb 128 GDDR6 1590/12000 DVIx1/HDMIx2/DPx1/HDCP Ret low profile,20580,GigaByte,nan,nan,nan
PCIE16 RTX3070TI 8GB RTX 3070TI SG 8GB KFA2,69330,nan,nan,nan,nan
Palit nVidia GeForce RTX 3070 GamingPro LHR PCI-E 8192Mb GDDR6 256 Bit Retail (NE63070019P2-1041A),62860,Palit,nVidia GeForce RTX 3070,1500,8192
GigaByte GeForce GTX 1050 Ti GV-N105TD5-4GD V1.1 PCI-E 4096Mb 128 Bit Retail (GV-N105TD5-4GDV1.1),16940,GigaByte,1290,768,"gddr5/"" class=""pseudo"
Radeon RX 6750 XT MECH 2X 12G,66310,nan,nan,nan,nan
Gigabyte PCI-E GV-N1650D5-4GL NVIDIA GeForce GTX 1650 4096Mb 128 GDDR5 1665/8002 DVIx1/HDMIx1/DPx1/HDCP Ret low profile,19210,GigaByte,nan,nan,nan
ASUS GeForce GTX 1660 SUPER Dual OC Edition PCI-E 6144Mb GDDR6 192 Bit Retail (DUAL-GTX1660S-O6G-EVO),42430,ASUS,GeForce GTX 1660 SUPER,1530,6144
PCIE16 T600 4GB GDDR6 BOX 900-5G172-2520-000 PNY,37620,nan,nan,nan,nan
MSI GeForce GT 730 N730K-2GD3H/LP PCI-E 2048Mb 64 Bit Retail (N730K-2GD3H/LP),6030,MSI,GeForce GT 730,902,2048
ASUS GeForce GTX 1660 SUPER Phoenix OC edition PCI-E 6144Mb GDDR6 192 Bit Retail (PH-GTX1660S-O6G),27630,ASUS,GeForce GTX 1660 SUPER,1530,6144
Gigabyte PCI-E 4.0 GV-N306TGAMING-8GD 2.0 NVIDIA GeForce RTX 3060Ti 8192Mb 256 GDDR6 1665/14000 HDMIx2 DPx2 HDCP Ret,54040,GigaByte,nan,nan,nan
MSI PCI-E 4.0 RTX 3060 Ti VENTUS 2X 8G OCV1 LHR NVIDIA GeForce RTX 3060Ti 8192Mb 256 GDDR6 1695/14000 HDMIx1 DPx3 HDCP Ret,54090,MSI,nan,nan,nan
Asus PCI-E PH-GTX1660S-6G nVidia GeForce GTX 1660SUPER 6144Mb 192bit GDDR6 1530/14002 DVIx1/HDMIx1/DPx1/HDCP Ret,43150,ASUS,GeForce GTX 1660 SUPER,1530,6144
Gigabyte PCI-E 4.0 GV-N306TWF2OC-8GD NVIDIA GeForce RTX 3060Ti 8192Mb 256 GDDR6 1680/14000 HDMIx2 DPx2 HDCP Ret,54080,GigaByte,nan,nan,nan
PCIE16 RTX3060TI 8GB LHR RTX3060TI CORE 8G KFA2,51090,nan,nan,nan,nan
ASUS Radeon RX 550 Phoenix PCI-E 2048Mb GDDR5 64 Bit Retail (PH-550-2G),8440,ASUS,Radeon RX 550,1183,2048
Palit GeForce GT 730 GeForce GT730 PCI-E 2048Mb GDDR3 128 Bit Retail,5360,Palit,GeForce GT 730,700,2048
Gigabyte PCI-E GV-N710D5-2GIL nVidia GeForce GT 710 2048Mb 64bit GDDR5 954/5010 DVIx1/HDMIx1/CRTx1/HDCP Ret low profile,5830,GigaByte,GeForce GT 710,954,2048
PNY nVidia GeForce RTX 3060 Ti XLR8 Gaming REVEL EPIC-X RGB LHR PCI-E 8192Mb GDDR6 256 Bit Retail (VCG3060T8LDFXPPB),70420,PNY,nVidia GeForce RTX 3060 Ti,1665,8192
MSI Radeon RX 6700 XT MECH 2X PCI-E 12288Mb GDDR6 192 Bit Retail (RX 6700 XT MECH 2X 12G),61320,MSI,Radeon RX 6700 XT,2474,12288
MSI GeForce GTX 1650 VENTUS XS PCI-E 4096Mb GDDR5 128 Bit Retail (GTX 1650 VENTUS XS 4G OCV1),19790,MSI,GeForce GTX 1650,1695,4096
Palit nVidia GeForce RTX 3060 Dual OC PCI-E 12288Mb GDDR6 192 Bit Retail (NE63060T19K9-190AD),50700,Palit,nVidia GeForce RTX 3060,1320,12288
MSI Radeon RX 550 Radeon RX 550 AERO ITX 4G OC PCI-E 4096Mb GDDR5 128 Bit Retail (RX 550 AERO ITX 4G OC),12060,MSI,Radeon RX 550,1203,4096
GigaByte GeForce GTX 1660 SUPER OC PCI-E 6144Mb GDDR6 192 Bit Retail (GV-N166SOC-6GD),31800,GigaByte,GeForce GTX 1660 SUPER,1830,6144
GigaByte GeForce GTX 1650 OC Low Profile PCI-E 4096Mb GDDR5 128 Bit Retail,19890,GigaByte,GeForce GTX 1650,1695,4096
GigaByte GeForce GTX 1650 MINI ITX OC PCI-E 4096Mb GDDR5 128 Bit Retail (GV-N1650IXOC-4GD),18960,GigaByte,GeForce GTX 1650,1680,4096
Palit GeForce GTX 1660 DUAL PCI-E 6144Mb GDDR5 192 Bit OEM (NE51660018J9-1161C),45160,Palit,GeForce GTX 1660,1530,6144
GigaByte nVidia GeForce RTX 3060 GAMING OC LHR PCI-E 12288Mb GDDR6 192 Bit Retail (GV-N3060GAMING OC-12GD 2.0),44500,GigaByte,nVidia GeForce RTX 3060,1837,12288
ASUS nVidia GeForce RTX 2060 DUAL EVO PCI-E 6144Mb GDDR6 192 Bit Retail (DUAL-RTX2060-O6G-EVO),42380,ASUS,nVidia GeForce RTX 2060,1365,6144
GigaByte GeForce GT 710 GV-N710D5SL-2GL PCI-E 2048Mb GDDR5 64 Bit Retail (GV-N710D5SL-2GL),6060,GigaByte,GeForce GT 710,954,2048
MSI GeForce GTX 1660 SUPER VENTUS XS OC PCI-E 6144Mb GDDR6 192 Bit Retail (GTX 1660 SUPER VENTUS XS OC),30520,MSI,GeForce GTX 1660 SUPER,1530,6144
Gigabyte PCI-E 4.0 GV-N307TAORUS M-8GD NVIDIA GeForce RTX 3070TI 8192Mb 256 GDDR6X 1875/19000/HDMIx3/DPx3/HDCP Ret,72750,GigaByte,nVidia GeForce RTX 3070 Ti,1875,8192
ASUS nVidia GeForce RTX 3080 Ti TUF Gaming OC Edition PCI-E 12288Mb GDDR6X 384 Bit Retail (TUF-RTX3080TI-O12G-GAMING),136310,ASUS,nVidia GeForce RTX 3080 Ti,1785,12288
Palit nVidia GeForce RTX 3080 GameRock V1 LHR PCI-E 10240Mb GDDR6X 320 Bit Retail,97470,Palit,nVidia GeForce RTX 3080,1440,10240
ASUS nVidia GeForce RTX 3070 Ti ROG-STRIX-OC Edition GAMING PCI-E 8192Mb GDDR6X 256 Bit Retail (ROG-STRIX-RTX3070TI-O8G-GAMING),87480,ASUS,nVidia GeForce RTX 3070 Ti,1875,8192
Palit Palit RTX3090 GAMINGPRO OC 24G GDDR6X 384bit 3-DP HDMI,159620,Palit,nVidia GeForce RTX 3090,1725,24576
ASUS Radeon RX 6900 XT ROG-STRIX-LC-T-GAMING PCI-E 16384Mb GDDR6 256 Bit Retail (ROG-STRIX-LC-RX6900XT-T16G-GAMING),102910,ASUS,2135,5120,"gddr6/"" class=""pseudo"
GigaByte nVidia GeForce RTX 3080 AORUS MASTER LHR PCI-E 10240Mb GDDR6X 320 Bit Retail (GV-N3080AORUS M-10GD 3.0),108850,GigaByte,nVidia GeForce RTX 3080,1845,10240
PCIE16 RTX3090TI 24GB 3090 TI X 3FAN 24G KFA2,165100,nan,nan,nan,nan
PCIE16 RTX A4000 16GB BLK 256B 900-5G190-2200-000 NVIDIA,102880,nan,nan,nan,nan
PCIE16 RTX A5000 24GB 900-5G132-2500-000 NVIDIA,215820,nan,nan,nan,nan
GigaByte nVidia GeForce RTX 3080 TURBO V.2 LHR PCI-E 10240Mb GDDR6X 320 Bit Retail (GV-N3080TURBO-10GD V.2),94640,GigaByte,1710,8704,"gddr6x/"" class=""pseudo"
PCIE16 RTX A4000 16GB 900-5G190-2500-000 NVIDIA,112110,nan,nan,nan,nan
Palit nVidia GeForce RTX 3080 GamingPro LHR PCI-E 10240Mb GDDR6X 320 Bit Retail,100140,Palit,nVidia GeForce RTX 3080,1440,10240
ASUS nVidia GeForce RTX 3080 Ti ROG Strix OC Edition PCI-E 12288Mb GDDR6X 384 Bit Retail (ROG-STRIX-RTX3080TI-O12G-GAMING),154800,ASUS,nVidia GeForce RTX 3080 Ti,1845,12288
MSI nVidia GeForce RTX 3070 GAMING Z TRIO LHR PCI-E 8192Mb GDDR6 256 Bit Retail (RTX 3070 GAMING Z TRIO 8G),80250,MSI,nVidia GeForce RTX 3070,1845,8192
MSI nVidia GeForce RTX 3070 Ti GAMING X TRIO PCI-E 8192Mb GDDR6X 256 Bit Retail (RTX3070TI GAMING X TRIO 8G  602-V505-12S),77690,MSI,nVidia GeForce RTX 3070 Ti,1830,8192
Asus PCI-E 4.0 DUAL-RX6650XT-O8G AMD Radeon RX 6650XT 8192Mb 128 GDDR6 2447/17500 HDMIx1 DPx3 HDCP Ret,41060,nan,nan,nan,nan
MSI nVidia GeForce RTX 3080 Ti GAMING X TRIO PCI-E 12288Mb GDDR6X 384 Bit Retail (RTX 3080 Ti GAMING X TRIO 12G ),141840,MSI,nVidia GeForce RTX 3080 Ti,1770,12288
MSI PCI-E 4.0 RTX 3070 VENTUS 3X PLUS 8G OC LHR NVIDIA GeForce RTX 3070 8192Mb 256 GDDR6 1755/14000 HDMIx1 DPx3 HDCP Ret,64980,MSI,nan,nan,nan
MSI PCI-E 4.0 RTX 3060 Ti AERO ITX 8G OC LHR NVIDIA GeForce RTX 3060Ti 8192Mb 256 GDDR6 1695/14000 HDMIx1 DPx3 HDCP Ret,49200,MSI,nan,nan,nan
GigaByte GeForce GTX 1650 D6 OC Low Profile PCI-E 4096Mb GDDR6 128 Bit Retail (GV-N1656OC-4GL),19400,GigaByte,GeForce GTX 1650 D6,1620,4096
ASUS nVidia GeForce RTX 3080 TUF Gaming V2 LHR PCI-E 10240Mb GDDR6X 320 Bit Retail (TUF-RTX3080-10G-V2-GAMING),108060,ASUS,nVidia GeForce RTX 3080,1740,10240
MSI PCI-E 4.0 RTX 3060 Ti VENTUS 2X 8G V1 LHR RU NVIDIA GeForce RTX 3060Ti 8192Mb 256 GDDR6 1695/14000 HDMIx1 DPx3 HDCP Ret,51560,MSI,nan,nan,nan
GigaByte nVidia GeForce RTX 3080 Ti EAGLE PCI-E 12288Mb GDDR6X 384 Bit Retail (GV-N308TEAGLE-12GD),120310,GigaByte,nVidia GeForce RTX 3080 Ti,1665,12288
PCIE16 RTX A2000 12GB 900-5G192-2551-000 NVIDIA,73440,nan,nan,nan,nan
PCIE16 RTX3060TI 8GB LHR RTX 3060 TI X BLACK 8GB KFA2,52150,nan,nan,nan,nan
Palit PCI-E 4.0 PA-RTX3060Ti DUAL 8G V1 LHR NVIDIA GeForce RTX 3060Ti 8192Mb 256 GDDR6 1410/14000 HDMIx1 DPx3 HDCP Bulk,49440,Palit,nan,nan,nan
MSI nVidia GeForce RTX 3070 Ti VENTUS 3X OC PCI-E 8192Mb GDDR6X 256 Bit Retail (RTX 3070TI VENTUS 3X 8G OC  602-V505-04S),80020,MSI,nVidia GeForce RTX 3070 Ti,1800,8192
PCIE16 RTX3050 8GB GDDR6 RTX3050 CORE 8GB KFA2,31230,nan,nan,nan,nan
KFA2 PCI-E nVidia GeForce RTX 3060 12Gb X BLACK (36NOL7MD2NEK),46790,KFA2,nan,nan,nan
PNY Quadro RTX 6000 VCQRTX6000-SB PCI-E 24576Mb GDDR6 384 Bit OEM,292230,PNY,Quadro RTX 6000,1440,24576
Palit nVidia GeForce RTX 3090 Ti GameRock OC PCI-E 24576Mb GDDR6X 384 Bit Retail NED309TS19SB-1022G,173040,Palit,nVidia GeForce RTX 3090 Ti,1890,24576
MSI nVidia GeForce RTX 3070 VENTUS 3X PLUS 8G OC LHR PCI-E 8192Mb GDDR6 256 Bit Retail,66310,MSI,nVidia GeForce RTX 3070,1755,8192
PNY Quadro RTX A6000 VCNRTXA6000-PB PCI-E 49152Mb GDDR6 384 Bit Retail,490660,PNY,Quadro RTX A6000,1860,49152
GigaByte nVidia GeForce RTX 3090 Ti GAMING OC PCI-E 24576Mb GDDR6X 384 Bit Retail GV-N309TGAMING OC-24GD,173040,GigaByte,nVidia GeForce RTX 3090 Ti,1905,24576
GigaByte Radeon RX 6650 XT EAGLE PCI-E 8192Mb GDDR6 128 Bit Retail GV-R665XTEAGLE-8GD,40290,GigaByte,Radeon RX 6650 XT,2055,8192
Palit GeForce GTX 1630 Dual PCI-E 4096Mb GDDR6 64 Bit Retail NE6163001BG6-1175D,15420,Palit,GeForce GTX 1630,1785,4096
MSI Radeon RX 6750 XT MECH 2X 12G OC PCI-E 12288Mb GDDR6 192 Bit Retail,66310,MSI,Radeon RX 6750 XT,2512,12288
GigaByte nVidia GeForce RTX 3060 EAGLE LHR 12G PCI-E 12288Mb GDDR6 192 Bit Retail,42970,GigaByte,nVidia GeForce RTX 3060,1777,12288
MSI Radeon RX 6750 XT GAMING X TRIO 12G PCI-E 12288Mb GDDR6 192 Bit Retail,63820,MSI,Radeon RX 6750 XT,2554,12288
GigaByte Radeon RX 6650 XT GAMING OC PCI-E 8192Mb GDDR6 128 Bit Retail GV-R665XTGAMING OC-8GD,42260,GigaByte,Radeon RX 6650 XT,2694,8192
GigaByte Radeon RX 6500 XT EAGLE PCI-E 4096Mb GDDR6 64 Bit Retail,19950,GigaByte,Radeon RX 6500 XT,2815,4096
Palit nVidia GeForce RTX 3070 GAMING PRO (LHR) PCI-E 8192Mb GDDR6 256 Bit OEM NE63070019P2-1041X,71630,Palit,nVidia GeForce RTX 3070,1500,8192
Sapphire Radeon RX 6500 XT PULSE PCI-E 4096Mb GDDR6 64 Bit Retail 11314-01-20G,19890,Sapphire,Radeon RX 6500 XT,2825,4096
MSI nVidia GeForce RTX 3060 Ti VENTUS 3X 8G OC LHR PCI-E 8192Mb GDDR6 256 Bit Retail,67960,MSI,nVidia GeForce RTX 3060 Ti,1695,8192
ASUS nVidia GeForce RTX 3060 Ti Dual V2 OC Mini LHR PCI-E 8192Mb GDDR6 256 Bit Retail,53500,ASUS,nVidia GeForce RTX 3060 Ti,1710,8192
DUAL-RTX3060Ti-8G-V2 RTX3060TI 8GB GDDR6 256bit 2xHDMI 3xDP (327301),54390,ASUS,nVidia GeForce RTX 3060 Ti,1695,8192
MSI Radeon RX 6650 XT MECH 2X OC PCI-E 8192Mb GDDR6 128 Bit Retail,44920,MSI,Radeon RX 6650 XT,2669,8192
MSI nVidia GeForce RTX 3090 Ti GAMING X TRIO PCI-E 24576Mb GDDR6X 384 Bit Retail,189360,MSI,nVidia GeForce RTX 3090 Ti,1920,24576
MSI nVidia GeForce RTX 3090 Ti SUPRIM X PCI-E 24576Mb GDDR6X 384 Bit Retail,193260,MSI,nVidia GeForce RTX 3090 Ti,1965,24576
Palit nVidia GeForce RTX 3050 Dual OC PCI-E 8192Mb GDDR6 128 Bit Retail NE63050T19P1-190AD,36930,Palit,nVidia GeForce RTX 3050,1822,8192
PNY Quadro T400 T400 PCI-E 4096Mb GDDR6 64 Bit Retail VCNT400-4GB-SB,22370,PNY,Quadro T400,1070,4096
BIOSTAR Radeon RX 550 Gaming PCI-E 4096Mb GDDR5 128 Bit Retail VA5505RF41,10640,BIOSTAR,Radeon RX 550,1183,4096
Gigabyte PCI-E 4.0 GV-N3050EAGLE OC-8GD NVIDIA GeForce RTX 3050 8192Mb 128 GDDR6 1792/14000 HDMIx2 DPx2 HDCP Ret,33900,GigaByte,nVidia GeForce RTX 3050,1792,8192
Palit nVidia GeForce RTX 3060 Ti TI DUAL OC PCI-E 8192Mb GDDR6 256 Bit Retail,69270,Palit,nVidia GeForce RTX 3060 Ti,1694,8192
Palit nVidia GeForce RTX 3060 Ti Dual V1 LHR PCI-E 8192Mb GDDR6 256 Bit Retail NE6306T019P2-190AD,54690,Palit,nVidia GeForce RTX 3060 Ti,1665,8192
MSI Radeon RX 6500 XT MECH 2X PCI-E 4096Mb GDDR6 64 Bit Retail,22880,MSI,Radeon RX 6500 XT,2685,"gddr6/"" class=""pseudo"
